"","effect","lower","upper","sig","polygon","us_l4name","us_l4code","pixel","X","Y","fun_group","objective","year_RAP","year_tx","year_diff","aridity","spei","ELEVm","SLOPE","MELTON","soilec","sand","silt","mean_cover_5YBT","tx_fine","tx_coarse","prescribed_burn","seeding","soil_disturbance","vegetation_removal"
"1",-2.28934799222506,-9.67533102052514,4.81897034478481,FALSE,100,"Shadscale-Dominated Saline Basins","13b",1,-1398857,1934141,"AFG","increase_PFG, increase_SHR",1986,1999,13,0.253032452079671,0.344905574822567,1445,0,7,5.47499990463257,46.3333320617676,33.1666679382324,44.2960028449694,"ground seeding","seeding",FALSE,TRUE,FALSE,FALSE
"2",1.14353361191717,-5.91502521910046,7.95182354411574,FALSE,100,"Shadscale-Dominated Saline Basins","13b",1,-1398857,1934141,"AFG","increase_PFG, increase_SHR",1987,1999,12,0.357823717699954,-0.32318391284999,1445,0,7,5.47499990463257,46.3333320617676,33.1666679382324,44.2960028449694,"ground seeding","seeding",FALSE,TRUE,FALSE,FALSE
"3",1.61307079550444,-5.64722243817245,8.69416791403014,FALSE,100,"Shadscale-Dominated Saline Basins","13b",1,-1398857,1934141,"AFG","increase_PFG, increase_SHR",1988,1999,11,0.550926553074425,0.181835938311187,1445,0,7,5.47499990463257,46.3333320617676,33.1666679382324,44.2960028449694,"ground seeding","seeding",FALSE,TRUE,FALSE,FALSE
"4",-0.849038219600047,-8.07937138205504,6.67122287596066,FALSE,100,"Shadscale-Dominated Saline Basins","13b",1,-1398857,1934141,"AFG","increase_PFG, increase_SHR",1989,1999,10,0.268539688114584,-1.03830269173052,1445,0,7,5.47499990463257,46.3333320617676,33.1666679382324,44.2960028449694,"ground seeding","seeding",FALSE,TRUE,FALSE,FALSE
"5",3.08220928057215,-4.43620963260405,9.99231932248492,FALSE,100,"Shadscale-Dominated Saline Basins","13b",1,-1398857,1934141,"AFG","increase_PFG, increase_SHR",1990,1999,9,0.328272521672164,-1.38891296626548,1445,0,7,5.47499990463257,46.3333320617676,33.1666679382324,44.2960028449694,"ground seeding","seeding",FALSE,TRUE,FALSE,FALSE
"6",-0.313913925834547,-7.47888174669723,6.60044051300463,FALSE,100,"Shadscale-Dominated Saline Basins","13b",1,-1398857,1934141,"AFG","increase_PFG, increase_SHR",1991,1999,8,0.350229546339554,-0.355062815917314,1445,0,7,5.47499990463257,46.3333320617676,33.1666679382324,44.2960028449694,"ground seeding","seeding",FALSE,TRUE,FALSE,FALSE
